{
  "mean": [
    59.79316507086944,
    17.387171528333294,
    28.539095732235847,
    11.598991049126193,
    2.195370591132017,
    1.5570843815385165,
    0.424713057312777,
    2.924170478828298,
    0.002292867599708545,
    0.2218488668242781,
    0.37099890147354064,
    0.5923887491281978,
    0.40276035411323513,
    0.0009024406004683778,
    5.37961330977332,
    45.196596127749935,
    0.0709795957026548,
    1.599548111225247,
    0.018866579170779642,
    0.008028378971574235,
    0.024778122165946572,
    0.03232074298714523,
    0.0025023229489530576,
    0.00863446253534559,
    0.007337621968746588,
    0.006486431081391229,
    0.003101721767535758,
    0.006629038978749195,
    0.016705178226447973,
    0.0019987388114077404,
    0.011633684876655311,
    0.00027407455273484066,
    0.0002384225783953492,
    0.0015397196417867877,
    0.009543587881002622,
    2.311912438751022,
    0.003380252817063035,
    0.03611099350911242,
    4.217546817970288,
    3.3304347337795877,
    3.240856561501285,
    2.795691904550752,
    0.8036556643188356
  ],
  "std": [
    44.99744332811766,
    11.33570965983582,
    28.09133177454989,
    34.05771972307751,
    1.4927326792210849,
    2.9798537323056644,
    1.176032091470031,
    1.8951807634621192,
    0.05498119977438435,
    0.4411680125309722,
    1.1994167116170387,
    1.4934355747852637,
    4.199603708673655,
    0.033332889923850216,
    11.704260576771805,
    31.810347920554577,
    0.10019861564484171,
    1.0680748228833168,
    0.13605378113515387,
    0.08924082083140551,
    0.15544827701803585,
    0.1768505373469477,
    0.049960597762759004,
    0.09251977405977223,
    0.08534507175338453,
    0.08027675437645442,
    0.05560666407556339,
    0.08114859715957767,
    0.12816440709834603,
    0.04466255539679198,
    0.10723032338310835,
    0.01655292831720068,
    0.015439097547119151,
    0.03920904111568508,
    0.09722400841026975,
    1.5663439478351178,
    0.05804159463656882,
    0.18656631436810145,
    0.4152773547152623,
    0.37491601508638717,
    1.3253547328227362,
    0.45973473271740434,
    0.39723196941722433
  ],
  "feature_names": [
    "url_length",
    "hostname_length",
    "path_length",
    "query_length",
    "num_dots",
    "num_hyphens",
    "num_underscores",
    "num_slashes",
    "num_at",
    "num_question",
    "num_ampersand",
    "num_equals",
    "num_percent",
    "num_hash",
    "num_digits",
    "num_letters",
    "digit_letter_ratio",
    "num_subdomains",
    "has_ip_address",
    "has_port",
    "has_https",
    "has_login",
    "has_signin",
    "has_account",
    "has_secure",
    "has_update",
    "has_confirm",
    "has_banking",
    "has_paypal",
    "has_verify",
    "has_free",
    "has_lucky",
    "has_prize",
    "has_click",
    "has_win",
    "path_depth",
    "has_double_slash",
    "has_hex_chars",
    "url_entropy",
    "hostname_entropy",
    "path_entropy",
    "tld_length",
    "is_common_tld"
  ],
  "label_classes": [
    "benign",
    "defacement",
    "malware",
    "phishing"
  ],
  "label_mapping": {
    "benign": 0,
    "defacement": 1,
    "malware": 2,
    "phishing": 3
  }
}